EmployeeID,FirstName,LastName,Email,PhoneNumber,Address,DateOfBirth,Password,Salary,Department
6752,Diana,Hopkins,williamswilliam@example.org,+1-477-986-1874x66241,"8678 Jason Fords Apt. 737, East Austin, AR 39287",1960-04-17,ZVGJZZc1I#,61291.57,Commercial horticulturist
6690,Madison,Garcia,jose77@example.com,+1-490-431-3650,"1607 Anderson Land Apt. 468, West Rebeccaborough, MN 99701",1979-02-22,VKqJNT5)Gv,141898.67,Office manager
6122,Daniel,Phillips,pcollier@example.org,582-582-2457x8457,"692 Simmons Knoll Apt. 575, North Karenshire, PR 40350",1987-11-02,jPJ^l%ZD4%,39734.46,"Editor, commissioning"
6140,Bryan,Watson,nfreeman@example.org,456-452-2115,"8931 Jennifer Locks Suite 317, Riverastad, WY 16715",1976-01-26,9YeTiBB*3c,49865.38,Warehouse manager
8155,Nicholas,Ballard,reesewayne@example.com,001-915-409-8851,"1536 Connie Groves Apt. 791, West David, TN 99209",1978-09-09,v4X6d5I$iM,68456.28,Barrister's clerk
1535,Kenneth,Ingram,ysmith@example.com,(789)274-9287x3230,"322 Joshua Islands Suite 175, Garciaport, PR 27970",1997-09-03,ppttkjMeJX,60220.75,Optometrist
6785,George,Villa,jennifergrimes@example.net,899.678.8422,"119 Rebecca Center, Garyside, ID 95886",1988-11-09,rJl(HAqR5m,105400.45,"Surveyor, building control"
7888,Alan,Dorsey,qtaylor@example.net,(403)573-2267,"101 Nicole Glens, Heatherland, IA 91770",1998-12-03,g74RzQarA$,123001.96,Adult nurse
5601,Alexander,Hinton,alexismcintosh@example.com,001-387-498-1539x06065,"0578 Schmidt Station Suite 302, New Samanthaview, NE 06445",1968-07-09,@pfDHtzn92,64199.63,"Therapist, sports"
2033,Cassandra,Miller,donnagibson@example.net,203.743.8004,"699 Bowers Drive Suite 630, West Deborahmouth, WA 29078",1979-12-08,oa7%T%CGKu,126016.92,Charity officer
8492,Scott,Perkins,dana30@example.net,+1-450-212-5675,"11945 Hall Harbor, Jonesside, NY 14578",1964-06-08,7uaA(6#&iy,90978.66,Financial adviser
1101,Connie,Hoffman,zdavidson@example.net,+1-739-834-8043,"4992 Mora Branch, New Dustin, MT 57018",1960-04-18,EBZk2gA6Tr,95628.36,Statistician
5442,Darryl,Stewart,cbenson@example.org,001-769-258-4877x993,"816 Thomas Stream Apt. 872, Aaronton, WV 73374",1994-12-29,5NRJGf4sHV,76355.85,"Secretary, company"
6002,James,Baker,simpsonjessica@example.org,5754473557,"4725 Gardner Falls, North Alexandra, IN 73701",1964-03-15,2^ed#@J(iy,65324.07,"Psychologist, occupational"
5227,Karen,Villarreal,brownchristina@example.org,(767)553-1305,"84554 Bryant Walks Apt. 859, Phelpsburgh, KS 61215",1981-03-08,j#5KZ6Ximv,122942.12,"Investment banker, corporate"
3885,Daniel,Larsen,kathrynramirez@example.net,9727888821,"54478 Cory Skyway, East Williamburgh, VT 93978",1974-07-28,ZH11CejXkT,58621.54,Research scientist (physical sciences)
6544,James,Phillips,carlos68@example.net,791-461-6156,"0072 Rice Park, Suarezburgh, AZ 24296",1977-10-29,vrv%)S&@xL,123718.44,Tax adviser
4458,Mark,Guzman,sarah07@example.org,836.444.5119,"854 Huff Walks Apt. 478, West Coreystad, CT 28145",1994-11-26,*tIbUug6Sj,88515.86,Soil scientist
7490,Tricia,Jones,jared24@example.net,587-819-2845x571,"50151 Herrera Loaf, Theresahaven, ID 97874",1988-12-30,ldB$mFDEH%,84590.34,Neurosurgeon
3374,Monique,Marshall,lynchmichael@example.net,(584)744-5521x17899,"597 Patrick Circle, Port Davidmouth, NC 14432",1971-07-05,3thDV34Y(Z,68118.14,Curator
6304,Kevin,Harris,ithompson@example.com,596-722-6533x593,"1956 Johnson Drives Suite 395, West Joshuachester, NM 48089",1979-05-22,qWlLWh69U7,122664.05,Freight forwarder
5548,Robert,Ford,tperez@example.org,5782450948,"368 Martinez Island Suite 369, East Jesus, MH 05687",1994-09-16,!pvZyg1wN4,141838.71,Training and development officer
8762,Sean,Hill,torresbarbara@example.com,647-553-2644x59902,"4369 Paul Expressway, Hudsonmouth, AZ 87452",1991-11-20,sy4Fl8$egd,45012.02,Estate agent
9354,Amber,Garcia,steve68@example.net,001-654-507-1436x350,"52722 Rickey Mills Suite 118, New Joshua, SC 55173",1963-11-25,uBz4yh$Sj%,67222.32,Barrister
5097,Carlos,Stone,fbauer@example.net,001-674-530-9190x203,"53312 Roy Keys Suite 799, Stephaniechester, NJ 91242",1980-01-13,1X^Lb4NVcf,75667.06,"Designer, interior/spatial"
8800,Brandon,Valdez,yjones@example.net,2048145511,"7035 Riley Lock Apt. 878, Moodychester, PR 33117",1986-05-30,3VGS^!Dlmj,54679.78,Exercise physiologist
5896,Valerie,Pittman,carla58@example.net,001-276-459-7700x7872,"1329 Elizabeth Island, Richardsonland, CT 23284",1984-04-24,^vYg!peQZs,52755.91,Software engineer
6279,Kristopher,Jones,beasleyandrea@example.net,001-555-980-9295x5154,"738 Anthony Junction, Timothyborough, SC 43192",1961-03-23,q^&RwvSCgN,131605.41,Horticultural therapist
7661,Nicholas,Schultz,fernando79@example.org,570-447-2751x8827,"5749 Moore Junction Apt. 118, Lake Robinborough, TN 06217",1980-08-22,@huwL9sK@O,86056.54,Bookseller
3813,Timothy,Wilson,jenniferharding@example.org,468.682.3182x0462,"Unit 2185 Box 3172, DPO AA 72968",1981-06-10,KMXTxRe$$n,100279.55,Probation officer
2043,David,Carter,collinsbenjamin@example.org,893.829.6551x986,"194 Brown Junctions Suite 050, Callahanton, AS 51509",1976-02-16,Xgl#*tFz30,107170.21,Farm manager
6311,Bradley,Christian,michael44@example.net,766-556-7456x717,"743 Brown Common, Christopherport, PR 78665",1993-01-06,kP)PuklyJl,108307.95,Medical laboratory scientific officer
4066,Kathy,Smith,robert49@example.com,001-394-434-6387x5716,"73685 Michael Causeway, Lake Glennhaven, IL 50147",1979-06-25,1V6(Ohhg@5,31721.89,Higher education careers adviser
8026,Randy,Richardson,edwardsjeffrey@example.org,001-567-629-9913x4635,"91977 Callahan Underpass Suite 570, South Patriciachester, VT 78270",1973-12-11,^W!O!4Qj^6,131875.8,Dance movement psychotherapist
6299,Leah,Martin,ramirezerica@example.com,+1-587-934-7687x3298,"284 Kevin Mountain, New Courtney, ID 80910",1995-04-20,U$hNf#37hd,136953.03,Aeronautical engineer
2693,Christopher,Christensen,tara30@example.net,673-782-2701,"6872 Kristina Drives Suite 028, North Dean, IN 81948",1972-05-17,ANujabhp)H,131857.86,"Buyer, industrial"
7910,Shaun,Logan,fowlerzachary@example.net,(314)524-4646,"87286 Kathleen Mews, Matthewhaven, HI 82550",1981-05-12,toSir*NybR,101511.35,Drilling engineer
7751,David,Velez,oday@example.org,001-721-245-0633x9739,"58764 Martinez Canyon Suite 575, Nicholsland, CO 26540",1999-12-08,jVMMc3VT(u,135781.86,Osteopath
1092,Robert,Hicks,gibsonalex@example.net,+1-825-429-1915x314,"743 Michael Club Apt. 698, East Karenmouth, MP 40809",1976-01-04,rrW8zhT*q3,45504.47,Medical sales representative
3180,Barbara,Palmer,pfleming@example.net,(412)236-9342,"302 Gutierrez Corner Suite 712, Jenniferchester, AK 70788",1986-11-22,sZ1qXVCdX5,133251.96,Energy manager
8309,Joshua,Gonzalez,ambermahoney@example.com,282.483.2477x8083,"95631 Nelson Mall, Kevinchester, AS 63442",1974-03-01,!UC47MxguV,76652.48,Advertising art director
2433,Matthew,Garcia,justinrodriguez@example.net,260.832.7095,"76971 Baker Trafficway Suite 230, West Tammy, OH 14321",2002-02-20,c)dd5mf@xs,122505.89,Music therapist
5619,Harry,Martin,chenrhonda@example.com,352-814-7759x882,"9980 Rivera Wall Suite 015, Parkerfurt, MS 23684",2001-07-15,rmodVV4L8A,116411.77,Insurance account manager
1143,Erin,Anderson,conradjennifer@example.com,885-701-0690,"034 Karen Causeway Apt. 091, North Alice, FL 05397",2002-10-16,%(RjVG8Hm0,48163.14,Financial planner
4841,Margaret,Campbell,gconrad@example.net,226-327-2652x15712,"1875 Mcgrath Trace, South Nancyport, VT 30341",1993-12-15,gMP^piq(Tr,104499.95,Writer
3138,Tiffany,Brown,jennifer33@example.net,(621)742-0712x6276,"41283 Evans Curve, West Eileenbury, MI 87943",1961-07-03,pUuXxtNv3m,113871.33,Quarry manager
9027,April,Bennett,tony85@example.net,714-447-6079,"USNS Fischer, FPO AE 14123",1972-01-28,8QzTrY4GUC,56981.96,Metallurgist
4326,Christina,Bennett,phillipmartin@example.org,824-382-8740x893,"687 Rhonda Mountains, Phillipsbury, SC 29868",1992-08-19,4Nb(nj9fVn,81990.96,Armed forces operational officer
1799,Kelly,Hunt,michaelmccall@example.org,629.357.9423x5963,"9761 Tom Point, Jonesstad, MD 56949",1977-11-26,tXpbk7WuGo,127973.6,"Designer, furniture"
8446,Debra,Thomas,bhodges@example.org,+1-585-437-1033,"2228 Debra Manor, New Kristinafort, MA 18048",1971-08-15,9!*KlR1arl,142625.71,Toxicologist
9392,Christian,Bradley,jamessmith@example.org,+1-455-607-3552x041,"082 Kimberly Mall, Wilsonchester, SD 74120",1998-02-21,YkuNl@ACG@,47296.46,"Teacher, special educational needs"
5513,Danielle,Thompson,sarah83@example.net,649-306-3913x52143,"9017 Derek Crest, West Valeriebury, MP 49516",1986-06-05,%VrK7OT)Xs,31895.86,"Administrator, arts"
8904,Patty,Johnson,terrigraham@example.org,+1-303-994-4697,"6814 Michael Ports Suite 104, Sandovalstad, IA 86334",1987-09-03,UF^&AaC#pz,125604.8,Regulatory affairs officer
6118,Keith,Gutierrez,pterry@example.net,+1-508-362-2545,"798 Kelly Pines Suite 696, Salazarview, MT 48320",1978-09-24,K9Ie)tdTl7,65122.19,Occupational hygienist
8180,Margaret,Lee,sue79@example.com,813-677-4092x085,"16907 Richard Row, Lake Emilyborough, VT 51272",1997-01-24,hguT@2EBN1,52295.71,Software engineer
6135,Catherine,Ortiz,alan26@example.org,001-782-612-2323,"19141 Amber Drives, Port Jacobmouth, VA 93416",1975-04-23,(KZwP4HuG0,114414.77,Pensions consultant
9347,Tina,Lopez,julieroth@example.com,403-719-4473,"444 Cooper Plaza, New Loriborough, ME 11863",1983-07-08,1kz*JgrG70,40391.85,Careers information officer
5848,Joy,Castro,brooksrobert@example.org,846-849-1583,"5403 Johnson Bridge, New Douglasshire, KS 84547",1964-08-20,IjuOKEYxJW,138591.04,Restaurant manager
4096,Jerry,Hall,timothy63@example.net,001-739-636-8263,"69131 Deanna Greens Apt. 673, Jacksonmouth, MT 17812",1998-05-21,xt3nImvLD(,68017.44,Translator
6921,Allison,Chandler,wellis@example.net,499.913.8025x8176,"135 Dalton Garden, Beasleyland, DE 52103",2002-08-30,U)H47@VsnG,101169.38,Gaffer
5897,Ashley,Mcknight,pamelaoconnor@example.net,+1-279-958-7839x552,"7223 Dorsey Trail Suite 163, Gonzalezshire, VA 95710",1988-11-08,M@$!F7u01&,143075.47,Plant breeder/geneticist
3390,Crystal,Williams,marco97@example.org,469-521-9255x3763,"747 Cruz Ridges, South Courtney, AL 08072",1979-10-20,Il@SuU@lr%,149528.47,Armed forces logistics/support/administrative officer
7444,Sarah,Martin,fleminglaura@example.com,001-975-328-8721,"708 Smith Heights Apt. 549, East Deborahshire, MS 23362",1991-03-02,CQmdrYK818,127214.73,Museum/gallery curator
3644,David,Dixon,pamelaharris@example.com,(660)811-8578x92765,"8765 Benton Extensions Apt. 650, South Markland, IA 81509",1977-01-24,p%uXPgeD0e,98294.84,Chartered loss adjuster
3491,Calvin,Gibson,phillipreeves@example.net,676.843.7316x46431,"20534 Brittany Estate, Timothyville, DC 85128",1979-11-01,D#5dk3@8#P,51725.53,Educational psychologist
7190,Craig,Crosby,kara40@example.com,001-869-817-6959,"Unit 4805 Box 3862, DPO AE 39958",1961-07-14,aj1LFprrh4,124099.14,Social worker
5462,Christina,Dalton,zwilkerson@example.com,001-521-599-9938,"USCGC Robinson, FPO AA 06343",1959-06-04,M@2mEnQor4,31826.92,"Engineer, communications"
2924,Debra,Reyes,fhunter@example.com,468-723-7696x75585,"8172 Jeffrey Shoals Apt. 620, Phillipsmouth, NC 30065",2002-10-31,G^)iX4^)3!,86846.02,Product designer
6041,Yolanda,Evans,lloydsandra@example.net,(963)401-3780,"4152 Valencia Street, East Ryan, PA 84646",2000-02-06,tdEEjOp72E,64264.51,Immigration officer
9537,Samuel,Allen,ugonzalez@example.com,696-423-7269,"2396 Cummings Radial, Port Tamara, SC 67071",1978-04-20,VE&^tuTw&P,34813.66,Building services engineer
3680,Abigail,Singh,kimberlysavage@example.com,+1-617-284-7972x91224,"0143 Hartman Crossroad Apt. 829, Cartertown, SC 29129",1962-04-18,LnCNp)TJKh,143914.72,Learning disability nurse
4616,John,Garcia,reginafoster@example.net,6022333841,"3742 Ashley Oval Suite 947, Millermouth, TX 40263",2002-08-26,Gi1lQkWRM%,43136.66,Seismic interpreter
1645,Peter,Lane,brennancynthia@example.com,(605)310-5683,"2329 Anderson Crossroad Suite 702, Rebeccaton, VI 74325",1994-02-13,kgZL((h*RC,129585.25,"Production assistant, radio"
7855,Jesse,Butler,qleonard@example.net,001-258-363-4555x746,"7186 Navarro Way, West Abigailbury, KS 69373",1972-05-11,H&JggDpSiG,32354.73,Manufacturing systems engineer
3964,Megan,Huffman,gjackson@example.net,001-817-390-6076,"36431 Moon Points Apt. 746, South Albertport, IN 89222",1971-03-21,*12X4KsWW1,72656.83,Operational investment banker
9359,Benjamin,Flores,bryanarmstrong@example.net,001-709-730-1754x93215,"307 Moore Spurs, Orrton, KS 69986",1973-02-08,1xfq&E6K&L,131783.48,Cytogeneticist
4932,Marcus,Carter,dreyes@example.net,(873)778-8793x18105,"2104 Dennis Way Suite 398, North Shaneland, ND 91083",1962-04-02,MQH%xfUAe#,66014.27,Tourist information centre manager
3624,Jason,Melton,patrickdunn@example.org,320.855.1698,"698 Catherine Wells Suite 908, Smithshire, WA 73666",1996-02-03,52)ba@Mexe,108709.77,Energy manager
8722,Ann,Cuevas,stokesdennis@example.org,+1-603-343-9694x77946,"8725 Estrada Curve Apt. 852, Victorview, ND 54211",2000-02-20,#B$)WW*hSR,142764.83,Aeronautical engineer
8687,Lauren,Jones,douglasmelissa@example.net,735-339-4034x623,"0510 Willis Island Suite 097, Lyonsbury, CT 06661",1994-08-11,#ERg7cq&na,83509.22,Technical brewer
1218,Julie,Mora,stevenperry@example.com,754-894-5237,"9002 Christine Drive Apt. 361, Lake Kevin, IL 56250",1967-08-05,go9iVExhLG,91966.08,Community education officer
7325,Emily,Chavez,logan45@example.org,983.261.7624,"8894 Maria Rapid Suite 872, North Deborah, CT 73759",1974-12-09,yQS#P8F@Wr,56515.46,Sports coach
7597,Carmen,Fernandez,daniellechapman@example.org,+1-675-718-1392,"6329 Larson Flat Suite 537, Walkertown, WI 23981",1985-08-15,Kf)pixyb(L,137444.23,Analytical chemist
5774,Mason,Harris,alex78@example.com,978.263.0387x91071,"USNV Camacho, FPO AE 72908",1985-11-28,c8nsFy9H#k,89396.84,"Sales professional, IT"
6994,Austin,Hebert,jrice@example.com,(273)538-4415x680,"USNS Berry, FPO AA 25370",1967-04-24,)diy^Vqc3M,61721.85,Estate manager/land agent
3292,Paula,Parker,udickson@example.org,(433)696-8013x2952,"199 Garcia Lane Suite 726, South Davidfurt, ND 43411",1961-09-28,RWz1%R3jn&,38624.6,Information systems manager
9833,Samantha,Underwood,dylangonzales@example.net,+1-487-318-6631x49000,"8207 Castillo Rest Suite 166, Johnshire, NJ 01474",1984-05-01,4pR#o*8aYR,44886.49,Furniture conservator/restorer
1381,Sergio,Harrison,qlee@example.net,5623180756,"2456 Matthew Island, Port Davidside, MI 00663",1969-09-17,QX%giwLRne,80312.45,Licensed conveyancer
3515,Erik,Riley,twhite@example.net,+1-481-454-7535x26379,"38376 Smith Mountain Suite 568, West Victoria, TX 92846",1998-07-02,ALNG(#Un&(,118172.87,Nutritional therapist
2621,Amanda,Richard,tterry@example.net,579.912.6538,"4499 Jensen Harbors, East Stephanie, TN 51637",1959-04-01,x7Y4X#XcwP,42073.07,Further education lecturer
2150,Cory,Jones,syoung@example.net,716-691-8342,"547 Molina Cliff, South Amyshire, AS 82410",1984-10-31,6l7EsOVxJB,148187.76,Printmaker
8688,Heather,Moreno,diazdennis@example.com,2064316861,"5676 Brian Vista, New Ianshire, AZ 63886",1984-05-26,&EY1s)wBzO,32856.19,"Surveyor, building control"
4527,John,Taylor,edwardskayla@example.com,(403)629-9446x110,"887 Hunter Extensions Suite 932, North Calebberg, PR 60955",1979-11-07,L6gW2A$)m7,136972.48,Counsellor
6356,Stephanie,Robinson,amanda56@example.com,990.727.5221,"772 Joseph Harbors, Jennaview, KS 65878",1983-05-31,XG$T(eWSYZ,79955.22,Broadcast journalist
7844,Steven,Arias,ashields@example.org,(550)763-2677,"63685 Jennifer Courts Suite 194, Gonzalezfort, IL 80862",1968-04-15,5GtZQbO^Fn,108759.44,"Engineer, drilling"
5343,Gregory,Thomas,wilsonjohn@example.org,269.937.2081x30555,"4674 Ward Field, Carolynberg, WA 36919",1985-08-26,Ls!Q&8j)V5,78025.53,"Teacher, secondary school"
8213,Jon,Galvan,lisalogan@example.net,+1-916-349-6621,"4049 Thomas Drive, Shorthaven, TX 44658",1993-01-29,l)^fKKDJSI,67936.75,Microbiologist
5527,Carol,Patterson,gloriajennings@example.org,001-983-955-8729x8887,"5091 Jillian Falls Apt. 701, New Peter, AZ 20344",1986-10-16,a8P3L3ZsxN,104266.89,Dramatherapist
9567,James,Williams,kiara01@example.org,713-238-7831x632,"037 Jones Coves Apt. 321, Levyburgh, OK 63270",1973-08-07,n9!n6pN&!H,30313.11,Academic librarian
6878,Theresa,Torres,jennifer86@example.com,523.694.6644x909,"85080 Zachary Way, Jamesberg, ND 87371",1991-01-20,2dFub!TuAu,47921.73,Equities trader
